sequence_id,mutation_count,mutation_positions
OZ409350.1,139969,"1,2,3,4,7,8,9,11,12,13,14,15,17,20,21,22,24,25,26,27"
OZ409355.1,41354,"7917,12010,12011,12012,12014,12015,12016,12017,12018,12302,12303,12304,12305,12307,16349,16352,16387,16392,17842,18508"
OZ409357.1,136287,"3,4,5,6,7,9,10,11,12,13,16,17,19,20,21,22,23,24,26,27"
OZ409564.1,684,"12010,12013,12019,12020,12021,12022,12023,12024,12025,12026,12027,12028,12029,12030,12031,12032,12033,12034,12035,12036"
PX953069.1,141297,"1,2,3,4,5,7,8,9,10,11,12,14,15,16,17,18,19,21,22,23"
OZ408698.1,140128,"1,3,4,8,9,10,11,12,13,14,16,17,18,19,20,21,23,24,25,26"
OZ408700.1,141058,"1,2,3,4,6,7,8,10,11,13,14,15,18,19,21,24,25,26,30,31"
OZ408701.1,138346,"1,3,4,5,7,8,9,10,11,14,15,16,17,21,22,23,26,29,31,33"
OZ408703.1,138812,"1,2,4,6,7,8,9,10,11,12,13,14,15,18,19,21,22,23,25,26"
OZ408706.1,43914,"4758,4759,4760,4761,4762,4763,4764,4765,4766,4767,4768,4769,4770,4771,4772,4773,4774,4776,4893,4896"
OZ408709.1,137029,"1,2,3,4,5,6,10,11,12,14,16,17,18,19,21,23,27,31,32,33"
OZ408711.1,141775,"1,2,3,4,5,6,7,8,9,10,11,12,13,14,15,16,17,18,19,20"
OZ408712.1,539,"12010,12013,12019,12020,12021,12022,12023,12025,12026,12302,12303,12304,12305,12307,16349,16352,18508,18509,18510,18511"
OZ408736.1,138380,"1,2,4,5,6,8,11,12,14,15,17,19,20,21,22,25,26,28,30,31"
OZ408738.1,41642,"12010,12013,12019,12020,12021,12022,12023,12024,12025,12026,12027,12028,12029,12030,12031,12032,12033,12034,12035,12293"
PX842231.1,144372,"1,2,3,4,6,7,8,9,10,12,13,14,15,17,18,19,20,21,23,24"
PX842232.1,141960,"1,2,3,4,6,7,8,9,10,12,13,14,15,17,18,19,20,21,23,24"
PX842233.1,141942,"1,2,3,4,6,7,8,9,10,12,13,14,15,17,18,19,20,21,23,24"
PX767474.1,141137,"1,2,3,5,9,12,13,14,16,19,20,21,26,27,28,31,32,33,35,36"
PX767480.1,141145,"1,2,3,5,9,12,13,14,16,19,20,21,26,27,28,31,32,33,35,36"
OZ389441.1,136812,"1,2,3,4,5,6,10,11,12,14,16,17,18,19,21,23,27,31,32,33"
OZ389443.1,136788,"1,2,3,4,5,6,10,11,12,14,16,17,18,19,21,23,27,31,32,33"
OZ389444.1,136846,"1,2,3,4,5,6,10,11,12,14,16,17,18,19,21,23,27,31,32,33"
OZ389446.1,137672,"1,2,3,4,5,6,10,11,12,14,16,17,18,19,21,23,27,31,32,33"
OZ389450.1,138000,"1,2,3,4,5,6,10,11,12,14,16,17,18,19,21,23,27,31,32,33"
OZ389452.1,136975,"1,2,3,4,5,6,10,11,12,14,16,17,18,19,21,23,27,31,32,33"
PX739433.1,141082,"1,2,3,5,9,12,13,14,16,19,20,21,26,27,28,31,32,33,35,36"
PX739437.1,142981,"1,2,3,4,6,7,9,10,11,12,14,15,16,20,23,24,25,26,27,29"
PX739439.1,141155,"1,2,3,5,9,12,13,14,16,19,20,21,26,27,28,31,32,33,35,36"
PX739440.1,141156,"1,2,3,5,9,12,13,14,16,19,20,21,26,27,28,31,32,33,35,36"
PX739447.1,141129,"1,2,3,5,9,12,13,14,16,19,20,21,26,27,28,31,32,33,35,36"
PX739450.1,142080,"1,2,3,5,9,12,13,14,16,19,20,21,26,27,28,31,32,33,35,36"
PX694752.1,142330,"1,2,3,4,6,7,8,9,10,12,13,14,15,17,18,19,20,21,23,24"
PX715200.1,141097,"1,2,3,5,9,12,13,14,16,19,20,21,26,27,28,31,32,33,35,36"
PX715205.1,141195,"1,2,3,5,9,12,13,14,16,19,20,21,26,27,28,31,32,33,35,36"
PX715208.1,141167,"1,2,3,5,9,12,13,14,16,19,20,21,26,27,28,31,32,33,35,36"
PX715210.1,141098,"1,2,3,5,9,12,13,14,16,19,20,21,26,27,28,31,32,33,35,36"
PX715212.1,141149,"1,2,3,5,9,12,13,14,16,19,20,21,26,27,28,31,32,33,35,36"
PX632598.1,141193,"1,2,3,5,9,12,13,14,16,19,20,21,26,27,28,31,32,33,35,36"
PX632599.1,141197,"1,2,3,5,9,12,13,14,16,19,20,21,26,27,28,31,32,33,35,36"
PX632603.1,141153,"1,2,3,5,9,12,13,14,16,19,20,21,26,27,28,31,32,33,35,36"
PX632606.1,141808,"1,2,3,7,9,10,11,12,14,15,16,17,18,19,20,21,22,24,26,28"
PX632608.1,148304,"1,2,3,4,6,9,12,13,14,15,16,17,18,19,21,22,23,25,26,28"
PX632609.1,141152,"1,2,3,5,9,12,13,14,16,19,20,21,26,27,28,31,32,33,35,36"
PX632610.1,141155,"1,2,3,5,9,12,13,14,16,19,20,21,26,27,28,31,32,33,35,36"
PX632611.1,141155,"1,2,3,5,9,12,13,14,16,19,20,21,26,27,28,31,32,33,35,36"
PX632622.1,142774,"1,2,3,4,6,8,9,10,11,12,13,14,15,18,19,20,21,24,25,26"
PX513673.1,141154,"1,2,3,4,6,7,8,9,10,12,13,14,15,17,18,19,20,21,23,24"
PX513674.1,142231,"2,3,4,5,6,7,8,9,10,11,13,16,17,19,21,22,24,25,26,27"
PX513678.1,142763,"1,2,3,4,6,7,8,9,10,12,13,14,15,17,18,19,20,21,23,24"
OZ370098.1,140115,"1,2,3,4,5,6,10,11,12,14,16,17,18,19,21,23,27,31,32,33"
PX492118.1,142367,"2,3,4,5,6,7,11,12,14,15,18,19,20,21,22,23,25,26,27,28"
PX492121.1,141967,"1,2,3,4,6,7,8,9,10,12,13,14,15,17,18,19,20,21,23,24"
PX492123.1,141964,"1,2,3,4,5,7,8,9,10,11,12,13,14,15,19,20,21,23,24,26"
PX492128.1,141935,"1,2,3,4,6,7,8,9,10,12,13,14,15,17,18,19,20,21,23,24"
PX492131.1,143492,"1,2,3,4,6,7,8,9,10,12,13,14,15,17,18,19,20,21,23,24"
PX492143.1,141640,"1,3,4,6,8,9,10,11,14,15,16,18,21,23,25,27,29,30,31,32"
PX492144.1,145370,"1,2,3,4,6,7,8,9,10,12,13,14,15,17,18,19,20,21,23,24"
PX495044.1,140166,"1,2,4,5,6,7,10,11,12,13,16,19,20,21,22,23,25,26,27,30"
PX475178.1,143236,"1,2,3,4,6,7,9,10,11,12,14,15,16,17,19,21,22,23,24,25"
PX475181.1,142370,"2,3,4,5,6,7,8,10,12,13,14,15,20,21,22,23,24,25,26,27"
PX475182.1,141346,"1,2,3,4,5,7,8,9,10,11,12,14,15,16,17,18,19,21,22,26"
PX475186.1,141904,"1,2,3,4,5,6,8,9,10,11,12,13,14,15,16,17,18,19,20,22"
PX466770.1,141693,"1,2,3,4,6,7,8,9,10,12,13,14,15,17,18,19,20,21,23,24"
PX466776.1,141402,"2,3,4,5,6,7,11,12,14,15,18,19,20,21,22,23,25,26,27,28"
PX439636.1,141790,"1,2,3,5,8,9,11,13,14,15,16,17,18,19,20,21,22,24,25,26"
PX439638.1,141073,"2,3,4,5,6,7,11,12,14,15,18,19,20,21,22,23,25,26,27,28"
PX439641.1,142774,"1,4,5,6,7,9,10,12,13,14,17,18,19,20,24,25,26,27,29,30"
PX439642.1,141216,"1,2,3,4,6,7,8,9,10,11,12,13,14,16,17,18,19,21,24,25"
PX439647.1,141868,"2,3,4,5,6,7,11,12,14,15,18,19,20,21,22,23,25,26,27,28"
OZ319627.1,143286,"1,3,4,8,9,10,11,12,13,14,16,17,18,19,20,21,23,24,25,26"
OZ319630.1,139633,"1,3,4,6,7,8,9,10,12,13,14,15,17,19,21,22,23,28,31,32"
OZ319636.1,143916,"1,3,4,8,9,10,11,12,13,14,16,17,18,19,20,21,23,24,25,26"
OZ319637.1,147166,"1,2,3,4,5,6,7,8,9,11,12,13,14,17,18,19,21,23,24,26"
OZ304617.1,140177,"2,3,4,5,6,7,8,9,10,11,13,14,15,16,17,18,19,22,23,25"
PX067024.1,140802,"1,2,3,5,9,12,13,14,16,19,20,21,26,27,28,31,32,33,35,36"
OZ278182.1,144785,"1,2,3,4,6,7,8,9,10,11,12,13,14,16,17,18,19,21,24,25"
PV834992.2,139905,"3,4,5,7,8,10,11,12,13,14,15,16,17,18,19,20,21,23,24,26"
PV834999.2,145280,"2,3,4,5,6,7,11,12,14,15,18,19,20,21,22,23,25,26,27,28"
PV765594.1,142433,"1,2,3,4,6,7,8,9,10,12,13,14,15,17,18,19,20,21,23,24"
PV765595.1,141283,"1,2,3,4,5,6,7,9,10,11,12,13,14,16,17,18,19,20,21,22"
PV765597.1,144018,"1,2,3,4,5,6,9,10,11,12,13,14,15,17,18,19,20,21,22,23"
PV697337.1,142007,"2,3,4,5,6,8,11,12,13,14,15,18,19,20,21,24,26,27,28,29"
PV605736.1,141932,"1,2,3,4,6,7,9,10,11,12,14,15,16,20,23,24,25,26,27,29"
PV584378.1,145552,"2,3,4,5,6,7,11,12,14,15,18,19,20,21,22,23,25,26,27,28"
PV539221.1,141174,"1,2,3,5,9,12,13,14,16,19,20,21,26,27,28,31,32,33,35,36"
